<?xml version="1.0" encoding="UTF-8"?>
<GenRun Id="impl_1" LaunchPart="xc7z015clg485-1" LaunchTime="1540886224">
  <File Type="PWROPT-DCP" Name="ASK_pwropt.dcp"/>
  <File Type="ROUTE-PWR" Name="ASK_power_routed.rpt"/>
  <File Type="PA-TCL" Name="ASK.tcl"/>
  <File Type="ROUTE-PWR-SUM" Name="ASK_power_summary_routed.pb"/>
  <File Type="REPORTS-TCL" Name="ASK_reports.tcl"/>
  <File Type="BG-DRC" Name="ASK.drc"/>
  <File Type="OPT-DCP" Name="ASK_opt.dcp"/>
  <File Type="OPT-HWDEF" Name="ASK.hwdef"/>
  <File Type="OPT-DRC" Name="ASK_drc_opted.rpt"/>
  <File Type="PLACE-DCP" Name="ASK_placed.dcp"/>
  <File Type="PLACE-IO" Name="ASK_io_placed.rpt"/>
  <File Type="PLACE-UTIL" Name="ASK_utilization_placed.rpt"/>
  <File Type="PLACE-UTIL-PB" Name="ASK_utilization_placed.pb"/>
  <File Type="PLACE-CTRL" Name="ASK_control_sets_placed.rpt"/>
  <File Type="PLACE-PRE-SIMILARITY" Name="ASK_incremental_reuse_pre_placed.rpt"/>
  <File Type="POSTPLACE-PWROPT-DCP" Name="ASK_postplace_pwropt.dcp"/>
  <File Type="PHYSOPT-DCP" Name="ASK_physopt.dcp"/>
  <File Type="BG-BIT" Name="ASK.bit"/>
  <File Type="ROUTE-ERROR-DCP" Name="ASK_routed_error.dcp"/>
  <File Type="ROUTE-DCP" Name="ASK_routed.dcp"/>
  <File Type="ROUTE-BLACKBOX-DCP" Name="ASK_routed_bb.dcp"/>
  <File Type="ROUTE-DRC" Name="ASK_drc_routed.rpt"/>
  <File Type="ROUTE-DRC-PB" Name="ASK_drc_routed.pb"/>
  <File Type="BITSTR-MSK" Name="ASK.msk"/>
  <File Type="ROUTE-DRC-RPX" Name="ASK_drc_routed.rpx"/>
  <File Type="BG-BGN" Name="ASK.bgn"/>
  <File Type="ROUTE-METHODOLOGY-DRC" Name="ASK_methodology_drc_routed.rpt"/>
  <File Type="BITSTR-RBT" Name="ASK.rbt"/>
  <File Type="ROUTE-METHODOLOGY-DRC-RPX" Name="ASK_methodology_drc_routed.rpx"/>
  <File Type="BG-BIN" Name="ASK.bin"/>
  <File Type="ROUTE-METHODOLOGY-DRC-PB" Name="ASK_methodology_drc_routed.pb"/>
  <File Type="ROUTE-PWR-RPX" Name="ASK_power_routed.rpx"/>
  <File Type="ROUTE-STATUS" Name="ASK_route_status.rpt"/>
  <File Type="ROUTE-STATUS-PB" Name="ASK_route_status.pb"/>
  <File Type="ROUTE-TIMINGSUMMARY" Name="ASK_timing_summary_routed.rpt"/>
  <File Type="ROUTE-TIMING-PB" Name="ASK_timing_summary_routed.pb"/>
  <File Type="ROUTE-TIMING-RPX" Name="ASK_timing_summary_routed.rpx"/>
  <File Type="RDI-RDI" Name="ASK.vdi"/>
  <File Type="ROUTE-CLK" Name="ASK_clock_utilization_routed.rpt"/>
  <File Type="POSTROUTE-PHYSOPT-DCP" Name="ASK_postroute_physopt.dcp"/>
  <File Type="POSTROUTE-PHYSOPT-BLACKBOX-DCP" Name="ASK_postroute_physopt_bb.dcp"/>
  <File Type="BITSTR-NKY" Name="ASK.nky"/>
  <File Type="BITSTR-BMM" Name="ASK_bd.bmm"/>
  <File Type="BITSTR-MMI" Name="ASK.mmi"/>
  <File Type="BITSTR-LTX" Name="ASK.ltx"/>
  <File Type="BITSTR-SYSDEF" Name="ASK.sysdef"/>
  <File Type="WBT-USG" Name="usage_statistics_webtalk.html"/>
  <FileSet Name="sources" Type="DesignSrcs" RelSrcDir="$PSRCDIR/sources_1">
    <Filter Type="Srcs"/>
    <File Path="$PSRCDIR/sources_1/src/DA_5428.v">
      <FileInfo>
        <Attr Name="ImportPath" Val="$PPRDIR/../../../../ASK.srcs/sources_1/src/DA_5428.v"/>
        <Attr Name="ImportTime" Val="1556013643"/>
        <Attr Name="UsedIn" Val="synthesis"/>
        <Attr Name="UsedIn" Val="implementation"/>
        <Attr Name="UsedIn" Val="simulation"/>
      </FileInfo>
    </File>
    <File Path="$PSRCDIR/sources_1/src/ASK/INDATA.v">
      <FileInfo>
        <Attr Name="ImportPath" Val="$PPRDIR/../../../../ASK.srcs/sources_1/src/ASK/INDATA.v"/>
        <Attr Name="ImportTime" Val="1556012909"/>
        <Attr Name="UsedIn" Val="synthesis"/>
        <Attr Name="UsedIn" Val="implementation"/>
        <Attr Name="UsedIn" Val="simulation"/>
      </FileInfo>
    </File>
    <File Path="$PSRCDIR/sources_1/src/ASK/MODULATION.v">
      <FileInfo>
        <Attr Name="ImportPath" Val="$PPRDIR/../../../../ASK.srcs/sources_1/src/ASK/MODULATION.v"/>
        <Attr Name="ImportTime" Val="1556013285"/>
        <Attr Name="UsedIn" Val="synthesis"/>
        <Attr Name="UsedIn" Val="implementation"/>
        <Attr Name="UsedIn" Val="simulation"/>
      </FileInfo>
    </File>
    <File Path="$PSRCDIR/sources_1/src/ASK/ASK.v">
      <FileInfo>
        <Attr Name="ImportPath" Val="$PPRDIR/../../../../ASK.srcs/sources_1/src/ASK/ASK.v"/>
        <Attr Name="ImportTime" Val="1556013591"/>
        <Attr Name="UsedIn" Val="synthesis"/>
        <Attr Name="UsedIn" Val="implementation"/>
        <Attr Name="UsedIn" Val="simulation"/>
      </FileInfo>
    </File>
    <Config>
      <Option Name="DesignMode" Val="RTL"/>
      <Option Name="TopModule" Val="ASK"/>
      <Option Name="TopAutoSet" Val="TRUE"/>
    </Config>
  </FileSet>
  <FileSet Name="constrs_in" Type="Constrs" RelSrcDir="$PSRCDIR/constrs_1">
    <Filter Type="Constrs"/>
    <File Path="$PSRCDIR/constrs_1/new/ask.xdc">
      <FileInfo>
        <Attr Name="ImportPath" Val="$PPRDIR/../../../../ASK.srcs/constrs_1/new/ask.xdc"/>
        <Attr Name="ImportTime" Val="1524648807"/>
        <Attr Name="UsedIn" Val="synthesis"/>
        <Attr Name="UsedIn" Val="implementation"/>
      </FileInfo>
    </File>
    <Config>
      <Option Name="ConstrsType" Val="XDC"/>
    </Config>
  </FileSet>
  <Strategy Version="1" Minor="2">
    <StratHandle Name="Vivado Implementation Defaults" Flow="Vivado Implementation 2017"/>
    <Step Id="init_design"/>
    <Step Id="opt_design"/>
    <Step Id="power_opt_design"/>
    <Step Id="place_design"/>
    <Step Id="post_place_power_opt_design"/>
    <Step Id="phys_opt_design"/>
    <Step Id="route_design"/>
    <Step Id="post_route_phys_opt_design"/>
    <Step Id="write_bitstream"/>
  </Strategy>
  <BlockFileSet Type="BlockSrcs" Name="DDS"/>
  <BlockFileSet Type="BlockSrcs" Name="clk_wiz_0"/>
  <BlockFileSet Type="BlockSrcs" Name="ila_0"/>
</GenRun>
