<?xml version="1.0" encoding="UTF-8"?>
<GenRun Id="synth_1" LaunchPart="xc7z015clg485-1" LaunchTime="1540886224">
  <File Type="PA-TCL" Name="ASK.tcl"/>
  <File Type="REPORTS-TCL" Name="ASK_reports.tcl"/>
  <File Type="RDS-RDS" Name="ASK.vds"/>
  <File Type="RDS-UTIL" Name="ASK_utilization_synth.rpt"/>
  <File Type="RDS-UTIL-PB" Name="ASK_utilization_synth.pb"/>
  <File Type="RDS-DCP" Name="ASK.dcp"/>
  <FileSet Name="sources" Type="DesignSrcs" RelSrcDir="$PSRCDIR/sources_1">
    <Filter Type="Srcs"/>
    <File Path="$PSRCDIR/sources_1/src/DA_5428.v">
      <FileInfo>
        <Attr Name="ImportPath" Val="$PPRDIR/../../../../ASK.srcs/sources_1/src/DA_5428.v"/>
        <Attr Name="ImportTime" Val="1556013642"/>
        <Attr Name="UsedIn" Val="synthesis"/>
        <Attr Name="UsedIn" Val="implementation"/>
        <Attr Name="UsedIn" Val="simulation"/>
      </FileInfo>
    </File>
    <File Path="$PSRCDIR/sources_1/src/ASK/INDATA.v">
      <FileInfo>
        <Attr Name="ImportPath" Val="$PPRDIR/../../../../ASK.srcs/sources_1/src/ASK/INDATA.v"/>
        <Attr Name="ImportTime" Val="1556012909"/>
        <Attr Name="UsedIn" Val="synthesis"/>
        <Attr Name="UsedIn" Val="implementation"/>
        <Attr Name="UsedIn" Val="simulation"/>
      </FileInfo>
    </File>
    <File Path="$PSRCDIR/sources_1/src/ASK/MODULATION.v">
      <FileInfo>
        <Attr Name="ImportPath" Val="$PPRDIR/../../../../ASK.srcs/sources_1/src/ASK/MODULATION.v"/>
        <Attr Name="ImportTime" Val="1556013285"/>
        <Attr Name="UsedIn" Val="synthesis"/>
        <Attr Name="UsedIn" Val="implementation"/>
        <Attr Name="UsedIn" Val="simulation"/>
      </FileInfo>
    </File>
    <File Path="$PSRCDIR/sources_1/src/ASK/ASK.v">
      <FileInfo>
        <Attr Name="ImportPath" Val="$PPRDIR/../../../../ASK.srcs/sources_1/src/ASK/ASK.v"/>
        <Attr Name="ImportTime" Val="1556013591"/>
        <Attr Name="UsedIn" Val="synthesis"/>
        <Attr Name="UsedIn" Val="implementation"/>
        <Attr Name="UsedIn" Val="simulation"/>
      </FileInfo>
    </File>
    <Config>
      <Option Name="DesignMode" Val="RTL"/>
      <Option Name="TopModule" Val="ASK"/>
      <Option Name="TopAutoSet" Val="TRUE"/>
    </Config>
  </FileSet>
  <FileSet Name="constrs_in" Type="Constrs" RelSrcDir="$PSRCDIR/constrs_1">
    <Filter Type="Constrs"/>
    <File Path="$PSRCDIR/constrs_1/new/ask.xdc">
      <FileInfo>
        <Attr Name="ImportPath" Val="$PPRDIR/../../../../ASK.srcs/constrs_1/new/ask.xdc"/>
        <Attr Name="ImportTime" Val="1524648807"/>
        <Attr Name="UsedIn" Val="synthesis"/>
        <Attr Name="UsedIn" Val="implementation"/>
      </FileInfo>
    </File>
    <Config>
      <Option Name="ConstrsType" Val="XDC"/>
    </Config>
  </FileSet>
  <Strategy Version="1" Minor="2">
    <StratHandle Name="Vivado Synthesis Defaults" Flow="Vivado Synthesis 2017"/>
    <Step Id="synth_design"/>
  </Strategy>
  <BlockFileSet Type="BlockSrcs" Name="DDS"/>
  <BlockFileSet Type="BlockSrcs" Name="clk_wiz_0"/>
  <BlockFileSet Type="BlockSrcs" Name="ila_0"/>
</GenRun>
