<?xml version="1.0" encoding="UTF-8"?>
<GenRun Id="DDS_synth_1" LaunchPart="xc7z015clg485-1" LaunchTime="1525249790">
  <File Type="PA-TCL" Name="DDS.tcl"/>
  <File Type="REPORTS-TCL" Name="DDS_reports.tcl"/>
  <File Type="RDS-RDS" Name="DDS.vds"/>
  <File Type="RDS-UTIL" Name="DDS_utilization_synth.rpt"/>
  <File Type="RDS-UTIL-PB" Name="DDS_utilization_synth.pb"/>
  <File Type="RDS-DCP" Name="DDS.dcp"/>
  <FileSet Name="sources" Type="BlockSrcs" RelSrcDir="$PSRCDIR/DDS">
    <File Path="$PSRCDIR/sources_1/ip/DDS/DDS.xci">
      <FileInfo>
        <Attr Name="ImportPath" Val="$PPRDIR/../../../../ASK.srcs/sources_1/ip/DDS/DDS.xci"/>
        <Attr Name="ImportTime" Val="1525249785"/>
        <Attr Name="UsedIn" Val="synthesis"/>
        <Attr Name="UsedIn" Val="implementation"/>
        <Attr Name="UsedIn" Val="simulation"/>
      </FileInfo>
    </File>
    <Config>
      <Option Name="TopModule" Val="DDS"/>
      <Option Name="UseBlackboxStub" Val="1"/>
    </Config>
  </FileSet>
  <FileSet Name="constrs_in" Type="BlockSrcs" RelSrcDir="$PSRCDIR/DDS">
    <File Path="$PSRCDIR/sources_1/ip/DDS/DDS.xci">
      <FileInfo>
        <Attr Name="ImportPath" Val="$PPRDIR/../../../../ASK.srcs/sources_1/ip/DDS/DDS.xci"/>
        <Attr Name="ImportTime" Val="1525249785"/>
        <Attr Name="UsedIn" Val="synthesis"/>
        <Attr Name="UsedIn" Val="implementation"/>
        <Attr Name="UsedIn" Val="simulation"/>
      </FileInfo>
    </File>
    <Config>
      <Option Name="TopModule" Val="DDS"/>
      <Option Name="UseBlackboxStub" Val="1"/>
    </Config>
  </FileSet>
  <Strategy Version="1" Minor="2">
    <StratHandle Name="Vivado Synthesis Defaults" Flow="Vivado Synthesis 2017"/>
    <Step Id="synth_design"/>
  </Strategy>
</GenRun>
